"行政區域","綜合所得中位數","平均教育程度","有偶比例","女男比","扶老比","每戶平均用電度數","cluster"
"北投區八仙里",-0.696549726054618,-0.608260146206985,-0.473815161094035,-0.565227954711711,-0.940300626097779,0.117243631519529,"8"
"北投區大同里",-0.680809659398808,-0.638490652933182,-0.313376683945544,-0.855627689963418,-0.767552338352059,0.0860760296296591,"8"
"北投區大屯里",-1.30254229230328,-1.87707769994366,-1.08299491092083,-2.70608181691615,0.461396749392262,0.399810286389011,"3"
"北投區稻香里",-0.838210325956902,-0.931726568177294,-0.707924988529229,-1.32296865925221,-0.722789175991873,-0.487584265532003,"2"
"北投區東華里",-0.373878359610525,-0.220445931348057,-0.133409689959678,0.580162628978737,-0.504209567151517,-0.111404542250378,"8"
"北投區豐年里",-1.03496115915452,-1.33724722269014,-0.574667526054901,-0.372078363358251,-0.640473067226841,-0.851929121114881,"2"
"北投區福興里",-0.405358492922144,-0.402260836087042,0.494694440866135,0.473457609979273,-0.912227121782713,-0.249527004399117,"8"
"北投區關渡里",-0.743769926022046,-0.96800317624873,-0.639594272123926,-0.784040778482764,-0.543119473436403,0.08048938400789,"2"
"北投區湖山里",-0.956260825875473,-1.64473466253374,-1.45558344061605,-2.09151493533696,2.06642943369597,-0.442339786845176,"9"
"北投區湖田里",-1.15301165907309,-2.13058209206191,-0.750798567883179,-3.30984312695109,0.114146300822253,-1.60182603309485,"3"
"北投區吉利里",-0.11416725978967,-0.205762542366761,0.195468566792384,-0.165421807574478,-0.650844052806838,-0.641841842338352,"8"
"北投區吉慶里",-0.0905571598059561,-0.174236442495156,0.561190025192986,0.495068753067773,-0.645935355685076,-0.276320850835102,"5"
"北投區建民里",-0.342398226298906,-0.240311692910986,0.114159883383561,-0.257269165700601,0.455597591167266,-0.0228268057473274,"4"
"北投區開明里",-0.452578692889572,-0.401397107323436,-0.289700848847899,0.0344812659941369,-0.258726467018409,-0.939146950460001,"8"
"北投區立農里",-0.51553895951281,-0.51238625344676,0.238003304132693,-0.286984487447287,-1.42867084387469,-0.336928604981794,"8"
"北投區立賢里",-0.680809659398808,-0.503317101428901,0.166576332137248,0.427533930916212,-1.01656979720234,-0.0815968475184383,"8"
"北投區林泉里",-0.759509992677855,-0.62121607766107,-1.05843189211512,-0.569280044040804,0.258168851132101,-1.30139681393472,"2"
"北投區奇岩里",-0.310918092987288,-0.411329988104901,-0.484967779887983,-0.705700384786955,-0.668456922932421,-0.390038492636113,"8"
"北投區清江里",-0.90117059258014,-1.43484857297757,-1.54625700386944,-1.65523998423788,-0.424170379857068,-0.909559781213131,"3"
"北投區泉源里",-1.19236182571261,-1.67798821993256,-2.11718770474548,-2.42378626032263,0.167100374073027,-0.190903979618053,"3"
"北投區榮光里",-0.413228526250049,-0.626398450242703,0.472145845512443,0.235735036005783,-0.582437285988107,-0.48302673884056,"8"
"北投區榮華里",0.885326972854226,0.838053668450643,0.292800459755164,0.169550910297256,-0.130607614097194,0.719425222750223,"5"
"北投區石牌里",-0.428968592905858,-0.283929995473071,-0.0852170252566062,0.24113782177791,-0.509305361804674,1.13805610190779,"4"
"北投區桃源里",-0.995610992514996,-0.902359790214702,-0.236700282473128,-0.684089241698455,-1.50451957480793,-0.986302650017434,"8"
"北投區溫泉里",-0.586369259463952,-0.445015409885521,-0.442079502278578,0.543693825016896,-0.158963679171882,-0.986118878779875,"8"
"北投區文化里",1.04272763941232,0.214009636745575,0.733510742377813,0.129030017006319,-0.460430852841245,-1.50791893070261,"5"
"北投區文林里",0.035363373440519,-0.198852712257916,0.0293596932256348,-0.309946326978818,0.284308840390468,0.841963883954028,"4"
"北投區秀山里",-1.12940155908938,-1.21675706016715,-1.92481696247428,-0.54091541873715,0.550053948708801,-0.426535460415171,"2"
"北投區一德里",-0.838210325956902,-1.01594012262884,-0.0919941606051925,-0.966384798291975,-1.2826056455199,-0.068475581156783,"8"
"北投區永和里",0.609875806377562,0.359116069031321,0.518364896124528,0.0695993735129469,-0.637203753871781,0.450420885212537,"5"
"北投區永明里",0.365904773212516,0.123318116566984,0.994141005033598,0.734142023484294,-0.728171418828211,0.0170147985552895,"5"
"北投區永欣里",2.54590400504212,1.55106176280709,1.69928940359761,0.524784074814459,-0.23988996882558,-0.224570870338714,"10"
"北投區裕民里",0.0117532734568049,0.156571673965801,0.553536721451838,0.164148124525132,-0.597670421150863,0.449612291767281,"5"
"北投區長安里",-0.822470259301093,-0.82073742205397,-0.618214645326194,1.024541758736,-0.505969959758747,-0.984097395166735,"8"
"北投區振華里",-0.177127526412908,-0.00321814730124134,-0.302629994662692,0.382960948296184,0.164069586442185,0.0851204191943565,"4"
"北投區智仁里",-0.846080359284807,-0.83455708227166,-0.957098853015151,0.0155715157916993,-0.523728008250466,-1.59083651308887,"2"
"北投區中和里",-0.507668926184905,-0.35130083903431,-0.952198122028777,-0.0546646992459208,0.43525097197113,0.451008953172723,"4"
"北投區中心里",-0.531279026168619,-0.238584235383775,-0.25184524821272,1.17446906391246,-0.327649431593202,-1.19374362297312,"8"
"北投區中央里",-0.342398226298906,-0.724863529293745,-0.345468144760999,-0.219449665295726,-0.883706997876201,1.16790055088724,"4"
"北投區中庸里",-0.893300559252235,-0.980095378939209,-0.421412644281334,-0.286984487447287,-0.071072279197295,-1.54221064363097,"2"
"北投區洲美里",-1.42846282554975,-1.95308583114095,0.305219635671253,-1.67685112732638,-0.410925677022061,-2.385426590043,"3"
"北投區尊賢里",-0.491928859529096,-0.533547608155098,0.00174770130767922,0.427533930916212,-0.382772578748029,-0.361664213557128,"8"
"大安區昌隆里",0.727926306296132,1.31742313225177,-0.866273292189397,0.337037269233123,3.54385531245125,0.88617924371053,"6"
"大安區車層里",0.979767372789082,1.48066786857323,0.135577487110381,1.07181613424209,2.09446851524956,1.62427804223927,"6"
"大安區誠安里",0.0747135400800425,0.889445529885178,0.0235700395274616,1.39193119124048,1.66831935019539,0.810502248084065,"6"
"大安區大學里",1.52279967241451,1.98033495831909,1.26287061871261,0.703076005294574,1.53076393038269,-0.241220544461487,"1"
"大安區德安里",0.806626639575179,1.53335532315318,0.321479434197956,1.17311836746943,1.61417549655221,1.11137251821434,"6"
"大安區敦安里",1.88482120549812,1.61627328445932,1.03139332311922,1.42164651298717,1.45335550992436,0.95818081458583,"1"
"大安區敦煌里",1.30243873923317,1.8905071669041,0.792552632231348,1.30818801177255,1.62451018609436,0.618314287845704,"1"
"大安區法治里",0.358034739884611,0.860942480686193,0.0819532639449471,0.839496346040727,0.726710982820749,0.219346931106862,"4"
"大安區芳和里",-0.169257493085003,0.00325981842580113,-0.04757977353236,-0.0654702707901722,0.744624516993164,-0.216007130668502,"4"
"大安區福住里",2.36489323850031,2.02136207459036,1.30324062832505,1.2757712971398,0.183334148968729,-0.241551332689091,"1"
"大安區古風里",1.42835927247965,1.71085158407413,0.8027103096849,0.659853719117578,0.761161675749244,0.0987929992686863,"1"
"大安區古莊里",0.956157272805368,1.72985361687346,1.11329994270007,1.14880583149487,0.730290864931382,0.227616636796981,"1"
"大安區光明里",2.41211343846774,1.60288548862343,2.20530677528337,-0.309946326978818,-0.347213311749341,0.474899214055289,"10"
"大安區光武里",0.452475139819468,1.05657704564287,0.104309859495717,1.631004461657,1.44067842718167,1.11883363045921,"6"
"大安區光信里",0.743666372951942,1.22543601892777,0.227711281003624,0.971864597457781,0.637764103917541,1.02172890853345,"6"
"大安區和安里",2.14453230531898,1.60893158996867,0.927970069130269,-0.423404828193437,0.438778864776083,0.393856098292125,"1"
"大安區虎嘯里",0.649225973017085,1.58129226953329,0.972819529315964,1.81875126723834,0.991423292529081,1.36692480116277,"6"
"大安區華聲里",0.759406439607751,1.1541783959303,0.334197059492428,0.77736430966129,1.0213667996208,1.31976910160534,"6"
"大安區建安里",0.594135739721752,1.41804753321182,0.345580911287806,2.6183635615128,1.49823571590061,1.83484312623345,"6"
"大安區建倫里",1.1765182059867,1.40293227984873,0.0435170204715247,1.70394206958069,2.00102423751818,2.51259145034807,"6"
"大安區錦安里",2.25471277190964,2.0585024114254,1.87029805193217,0.743596898585511,0.354462278649851,-0.00525827543676403,"1"
"大安區錦華里",2.31767303853288,2.04468275120771,2.19808370879326,0.516679896156272,-0.224968098807089,-0.598876126997246,"10"
"大安區錦泰里",1.23947847260994,2.00408749931824,1.92268595102015,0.235735036005783,0.84947712918064,-1.10457781850989,"1"
"大安區黎和里",0.0668435067521378,0.114680828930928,-0.471497001017295,0.181707178284535,-0.41374711452517,-0.576639807252704,"8"
"大安區黎孝里",-0.0826871264780514,0.316793359614645,-0.22525081714799,0.0452868375383852,-0.0574330074496818,0.0275265133436179,"4"
"大安區黎元里",-0.838210325956902,-0.784460813982534,-1.25104818011336,-0.24646359415635,-0.539334672395945,-0.272976214311543,"2"
"大安區臨江里",-0.743769926022046,-0.574574724426365,-0.241393703919441,0.41267627004287,0.312230474290357,0.226219975391539,"4"
"大安區龍安里",2.34128313851659,1.23796008600005,-0.110656524821288,-1.21626364025274,1.19215998045359,-1.04676338717408,"1"
"大安區龍門里",2.41211343846774,2.35476137734213,1.26000287804332,0.839496346040727,1.3218321287652,0.230152679875284,"1"
"大安區龍坡里",2.19962253861431,2.48518442064658,1.49901890615182,0.877315846445599,1.62384482916404,-1.71807971797417,"1"
"大安區龍泉里",1.31030877256108,1.74971937843639,1.43549463893054,1.06641334846997,0.161148379300142,-0.0945343426425352,"1"
"大安區龍生里",1.87695117217022,1.68623531431137,1.54665615700301,0.709829487509732,0.232047811839565,-0.5608354808227,"1"
"大安區龍圖里",1.12929800601927,1.46382515768292,0.645742867326983,0.616631432940579,0.899115555419747,-0.0756426594215527,"1"
"大安區龍淵里",1.6802003389726,1.85811733826889,1.58693848157209,0.277606625739751,0.215859850378176,-0.745452066073663,"1"
"大安區龍雲里",1.02698757275651,1.09328551809611,0.0770460566228752,1.22849692163371,1.43765059050117,0.766029608594982,"6"
"大安區龍陣里",1.53853973907032,1.24702923801791,0.966884137646342,0.0993146952596328,1.52144720903164,0.144037477955514,"1"
"大安區民輝里",1.45983940579127,1.28373771047115,-0.0275210348170878,0.337037269233123,1.74442967563319,1.66768480855051,"6"
"大安區民炤里",1.83760100553069,1.94103529957503,0.904937941211621,1.0029306156475,1.94626997576501,1.37324653173477,"6"
"大安區全安里",1.20799833929832,1.60763599682326,0.511098978731392,0.77736430966129,1.41964496153894,1.27669312352169,"6"
"大安區群賢里",0.712186239640323,1.48973702059109,0.263568883638455,1.64721281897338,1.23070452370724,1.0158849831791,"6"
"大安區群英里",0.664966039672895,1.48628210553667,0.0662380291404902,0.784117791876446,0.115005075019674,-0.606337239242109,"5"
"大安區仁愛里",1.65659023898889,1.51003464653582,0.151792004729889,1.95922369731358,2.64024572171465,3.57541402564214,"6"
"大安區仁慈里",2.02648180540041,1.88014242174084,1.22000580901411,0.361349805207685,0.252389404960068,1.09667081920969,"1"
"大安區通安里",-0.295178026331478,0.158299131493012,-0.0478954763286469,0.397818609169526,0.396141115133641,0.18634161684141,"4"
"大安區通化里",-0.64932952608719,-0.182873730131212,-0.402030981134126,0.164148124525132,0.0717832214056107,0.405911491475942,"4"
"大安區臥龍里",0.641355939689181,1.21593500252811,0.806411112430961,0.893524203761972,1.91777150299713,0.967663410443834,"6"
"大安區新龍里",1.26308857259365,1.74496887023656,1.23575607434961,0.52613477125749,0.118541057157604,-0.949952699228423,"1"
"大安區學府里",0.0747135400800425,0.114680828930929,-1.15271469734056,-2.15634836460245,4.13402370656719,-0.796981521084981,"9"
"大安區義安里",1.62511010567727,1.6141139625503,0.233673222787599,1.48918133513873,1.4518442892651,1.4538485965278,"6"
"大安區義村里",0.0904536067358519,0.920107900993178,0.144893448129609,0.169550910297256,1.7185834801199,-0.259487405474771,"4"
"大安區永康里",1.29456870590527,1.3675194005409,1.61715007931418,0.365401894536778,0.483366025919851,1.11651811286597,"1"
"大安區正聲里",0.688576139656609,1.47807668228242,0.21119443567865,0.765208041674011,1.13770560478632,1.56991851016955,"6"
"大安區住安里",0.129803773375375,0.321543867814476,-0.396562745901737,0.703076005294574,1.19108848418933,0.493423354801155,"4"
"大同區保安里",-0.964130859203377,-0.972321820066758,-0.608834111305423,-0.6557246163948,0.947030408152924,-0.607954426132621,"2"
"大同區朝陽里",-0.735899892694141,-0.559027606681464,0.130731705463575,0.116873749019039,-0.026028651795206,-0.23927256934337,"8"
"大同區大有里",-1.01922109249871,-0.908405891559942,-0.342867935425773,-0.520654972091681,0.116123956423336,0.806569543600319,"2"
"大同區光能里",-0.924780692563854,-0.952456058503829,-0.0174140894167334,-0.412599256649186,-0.00431598797211888,-0.923930691990182,"2"
"大同區國慶里",-0.358138292954716,-0.374621515651662,0.176623181310027,0.157394642309974,-0.61293649748333,-0.00999957336576534,"8"
"大同區國順里",-1.63308369207528,-1.99670413370304,-2.67183416541389,-2.34274447374076,-0.0129430193916446,-0.542054060344252,"3"
"大同區建功里",-0.916910659235949,-0.993051310393293,-0.13267818544189,-0.170824593346605,0.121716861188751,0.0645012863403274,"2"
"大同區建明里",-1.10579145910566,-0.360801855433972,-0.0775950412036818,-0.466627114370433,0.241318452723287,2.89299791209353,"4"
"大同區建泰里",-0.436838626233763,-0.290407961200113,0.510147472765961,-0.205942700865415,-0.078457495253931,1.50846540833009,"4"
"大同區景星里",-1.31828235895909,-1.71599228553121,-2.18179692597352,-1.32567005213827,0.606357744802866,-0.274152350231915,"2"
"大同區老師里",-1.06644129246614,-1.37006891570715,-0.990366640651827,-1.10280513903813,-0.0155721025700526,-1.13291534334136,"2"
"大同區鄰江里",-1.25532209233585,-1.26858078598349,-1.08927927180842,-1.27569428374612,0.327653750292719,-0.945101138556886,"2"
"大同區隆和里",-0.995610992514996,-1.05351232384569,-0.822201513893954,-0.463925721484371,0.882191752659988,0.467915907028078,"2"
"大同區民權里",-0.122037293117575,-0.454516426285183,0.0307703792522479,0.0750021592850711,-0.941294719587792,-0.523125622875758,"8"
"大同區南芳里",-0.90117059258014,-0.876016062924731,-0.58372991195617,0.524784074814459,0.223406686566382,0.273485937691507,"4"
"大同區蓬萊里",-0.798860159317379,-0.831102167217238,-0.413489419284127,-0.440963881952844,-0.093486973781147,0.32736766454357,"2"
"大同區雙連里",-0.790990125989474,-1.09626689764417,-0.436399008922797,-0.438262489066778,-0.481205960512964,-0.696679179625718,"2"
"大同區斯文里",-1.19236182571261,-1.29924315709149,-0.920572056402368,-0.921811815671945,-0.165822436821995,0.0827681473536121,"2"
"大同區星明里",-0.373878359610525,-0.444583545503718,0.562253145388425,0.13983558855057,-0.980482935307172,-0.0878450695954167,"8"
"大同區延平里",-1.05070122581033,-0.968866905012336,-1.15862685499044,-0.231605933283008,-0.154589491388325,0.264628164041201,"2"
"大同區揚雅里",-1.16088169240099,-1.75140516483904,-1.55753378058867,-3.18152696486313,0.568491862091085,-1.2722874499055,"3"
"大同區永樂里",-0.609979359447666,-0.348709652743493,0.557329745070187,-1.08119399594963,0.374997047037238,0.298515580246933,"4"
"大同區玉泉里",-0.531279026168619,-0.452788968757971,0.640395440178093,-0.990697334266537,0.472659657530158,0.3735677536657,"4"
"大同區至聖里",-0.916910659235949,-0.767618103092224,-0.69572722951363,0.24113782177791,0.244189712104567,-0.00845589497027665,"2"
"大同區重慶里",-0.36600832628262,-0.410034394959493,-0.108386477817257,0.0750021592850711,-0.545528225749333,-0.82432668123364,"8"
"南港區百福里",-0.948390792547568,-0.980527243321012,-0.524551613120649,-0.338310952282472,-0.900168870494656,-1.02096190542091,"8"
"南港區成福里",-0.594239292791857,-0.573279131280957,-0.590761481813183,-0.259970558586663,-0.814075997313165,-0.870342999118213,"8"
"南港區東明里",0.13767380670328,0.164345232838252,0.681073976592314,-0.750273367406985,-0.611938156895693,-0.62317068460244,"5"
"南港區東新里",-0.728029859366237,-1.08762961000811,-0.381368133463515,-0.644919044850552,-1.0145046198406,-1.12931342708522,"8"
"南港區合成里",-0.397488459594239,-0.570256080608337,0.0466613518238211,-0.378831845573407,-0.302370871570521,-0.644524902406702,"8"
"南港區鴻福里",-0.342398226298906,-0.343527280161859,-0.395118307763235,0.324881001245844,-0.600595860927283,-0.638827994042398,"8"
"南港區九如里",-0.790990125989474,-0.819873693290365,-0.552063308352566,-0.881290922381011,-0.278126216255091,-0.790034968305281,"2"
"南港區舊莊里",-1.04283119248242,-1.38388857592484,-0.755354981582981,-0.789443564254888,-1.02513949950883,-1.24016423758032,"2"
"南港區聯成里",-0.64932952608719,-0.650150991241858,-0.319234622356131,-0.17622737911873,-0.117190458588688,-0.739020072759126,"8"
"南港區南港里",-0.790990125989474,-0.968866905012336,-0.496487883706939,-1.80516728941434,-0.717498368056565,0.865192568381384,"2"
"南港區仁福里",-0.36600832628262,-0.549958454663605,-0.43179742400513,-0.933968083659227,-1.07955278500214,-1.1655531151317,"8"
"南港區三重里",0.727926306296132,0.660557407529687,2.49672384890693,-0.292387273219411,-1.83564477233011,-0.641584562605771,"10"
"南港區萬福里",-0.507668926184905,-0.258449996946704,-0.25032443746911,0.284360107954906,-0.140233392158961,-0.370963038177573,"8"
"南港區西新里",-1.1766217590568,-1.05437605260929,-0.461621081320207,-0.900200672583445,-0.927316856317543,-0.996851119053274,"2"
"南港區新富里",-0.790990125989474,-0.964116396812505,-0.452566296556172,-0.828613761102794,-0.387987520348077,-0.846232212750577,"2"
"南港區新光里",-0.932650725891759,-0.649287262478252,-0.717543643626758,0.36810328742284,-0.376948513400776,-0.204466296949847,"8"
"南港區玉成里",-0.507668926184905,-0.965411989957913,-0.367833076342258,-0.418002042421313,-0.706287505779501,-0.745525574568686,"8"
"南港區中南里",-1.27893219231957,-1.55274754920974,-0.543325806796944,-0.889395101039197,-0.829635180733546,-1.33679115428842,"2"
"南港區中研里",-0.24795782636405,0.150093708238758,-0.0398520853488971,-0.395040202889782,-0.861121844476627,-1.2530282242094,"8"
"南港區重陽里",3.23059690456983,0.959839424119037,2.38803851866576,0.0223249980068545,-2.15643039885604,-0.342221216623471,"10"
"內湖區安湖里",0.208504106654422,-0.238152371001972,0.659867540722664,0.0777035521711362,-2.29514060688712,-0.695098746982717,"8"
"內湖區安泰里",-0.735899892694141,-0.849240471252956,0.0197134174505024,-0.188383647106009,-2.2019311030086,-1.07546845448067,"8"
"內湖區寶湖里",3.5217881377023,1.47678108913701,2.50468051250332,-0.120848824954451,-2.09245837537881,1.7563728077961,"10"
"內湖區碧山里",-0.287307993003574,-0.392327955305577,-0.303144537410083,-0.420703435307375,-1.50447307876795,-0.541796780611671,"8"
"內湖區大湖里",1.64872020566098,0.798322145324784,0.560052773006864,0.574759843206613,-1.73789995722287,0.810208214103972,"10"
"內湖區東湖里",-0.570629192808143,-0.844489963053125,0.209435260205223,-0.124900914283544,-2.46418247050878,-0.901731126493152,"8"
"內湖區港都里",-0.192867593068717,0.158299131493012,0.549382588360282,0.380259555410122,-1.57911916683856,-0.194028090656542,"8"
"內湖區港富里",-0.216477693052431,-0.13191373307848,0.0694491673248989,0.0425854446523231,-1.21756106065136,-0.372727242058131,"8"
"內湖區港華里",-0.169257493085003,0.185074723164787,0.145428033031779,0.134432802778446,-1.95372102924904,-0.566128092464376,"8"
"內湖區港墘里",0.310814539917183,0.220919466854421,0.852260493703292,0.404572091384684,-1.5325173568949,0.827262184949373,"5"
"內湖區湖濱里",0.838106772886798,0.620825884403827,0.636266193398572,0.36810328742284,-0.775931742093257,-0.0988345896013968,"5"
"內湖區湖興里",0.208504106654422,-0.397078463505409,-0.699896453982891,-1.39590626717589,-1.53285512673798,-1.18613549373822,"8"
"內湖區湖元里",-0.137777359773384,0.0710625263688433,0.0907130567513537,-0.303192844763659,-1.71947811835174,3.73937472379156,"6"
"內湖區葫洲里",2.0186117720725,0.59966452969549,1.91762154619655,0.301919161714313,-2.17541610680594,-0.0541781788747554,"10"
"內湖區金湖里",4.23009113721372,1.26775872834445,2.85375186561808,0.902979078863192,-1.91988506212293,1.42532730045876,"10"
"內湖區金龍里",-0.507668926184905,-0.454516426285183,-0.579199384059404,-0.862381172178573,-1.1865239266875,-0.266544220997006,"8"
"內湖區金瑞里",-0.36600832628262,-0.230378812129522,-0.0134505085825478,0.388363734068309,-1.61675125129719,-1.08601692351651,"8"
"內湖區康寧里",0.830236739558893,0.0654482894054074,0.656037228824499,0.0695993735129469,-1.97768623112128,0.455235691636562,"5"
"內湖區樂康里",-0.460448726217477,-0.686427599313295,0.133318913968236,0.193863446271818,-2.551796787041,-1.05459204189406,"8"
"內湖區麗山里",-0.0748170931501468,-0.055473737499381,0.195688051606502,-0.0776265387774515,-1.65116072664319,0.262092120962899,"8"
"內湖區蘆洲里",-1.34976249227071,-2.09991972095391,-0.535321253649779,-2.96136344464904,-1.6556719315065,-0.532791989971319,"3"
"內湖區明湖里",-0.043336959838528,-0.312001180290254,1.00084936245816,0.260047571980345,-2.52980971946522,-0.443295397280478,"8"
"內湖區南湖里",2.97875583807688,0.982728236354586,2.91018943103452,0.952954847255347,-2.28244178103482,-0.768901275986089,"10"
"內湖區內溝里",-0.11416725978967,-0.501157779519887,-0.0393553349958425,-0.784040778482764,-1.97197026761861,-1.10086563951121,"8"
"內湖區內湖里",0.0983236400637565,0.0999974399496317,0.0763761325137615,1.22579552874765,-1.21764225388418,-0.737807182591242,"8"
"內湖區清白里",1.5070596057587,0.893764173703207,1.05709888172144,1.29873313667133,-1.84952889935308,0.251249617946965,"10"
"內湖區瑞光里",-0.0669470598222421,0.0416957484062523,-0.413632332706868,0.543693825016896,-1.2501291671134,-0.814403034405498,"8"
"內湖區瑞陽里",0.295074473261374,0.167800147892674,0.317515916861631,0.226280160904566,0.010669877134192,-0.737917445333777,"5"
"內湖區石潭里",0.468215206475277,0.100861168713238,1.40796706305053,0.226280160904566,-1.1421129893215,0.743609517612882,"5"
"內湖區五分里",-0.350268259626811,-0.980527243321012,0.799443964474086,-0.0978869854229202,-2.19273836876833,-1.02467408441958,"8"
"內湖區西安里",-0.0275968931827186,0.375526915539828,-0.00728974110503091,0.00476594424745096,-1.60255073841303,-0.48034367877221,"8"
"內湖區西湖里",-0.460448726217477,-0.213967965621015,-0.737226666126495,-0.158668325359323,-1.35686912183298,0.860230744967313,"8"
"內湖區西康里",0.444605106491563,0.429941827646984,0.213623521892323,0.164148124525132,-1.31160282918164,0.567666934774666,"5"
"內湖區行善里",-0.76738002600576,-1.02328181711949,0.207166548387819,-1.11361071058237,-1.28946850184367,-0.86424179403128,"8"
"內湖區秀湖里",1.16077813933089,0.673081474601968,0.750334353332346,-0.297790058991535,-0.813118957014429,-0.270770959460844,"5"
"內湖區週美里",-0.145647393101289,-0.378076430706085,1.01486726829087,-0.216748272409664,-1.17270234227416,-0.355526254222684,"8"
"內湖區紫星里",-0.358138292954716,-0.181146272604001,-0.566731572275694,-0.188383647106009,-1.41375843569404,-0.37607187858169,"8"
"內湖區紫陽里",0.397384906524135,0.443761487864673,0.263935035933676,-0.0452098241447036,-1.79741626776428,-0.519928003342246,"8"
"內湖區紫雲里",-0.184997559740813,-0.413921174395718,-0.318478553455275,-0.582787008471118,-0.557006136017847,-0.660218966094172,"8"
"士林區百齡里",-0.728029859366237,-0.791370644091379,-1.07144360864489,-0.765131028280326,-0.875815620890066,-0.840167761911157,"2"
"士林區承德里",-0.043336959838528,-0.0939096674798322,0.0545985332798303,0.721985755497012,-0.148191491507445,0.551054014899405,"4"
"士林區翠山里",0.531175473098515,1.09846789067774,0.0669098459144203,0.0817556415002293,2.48135839790208,-1.42448678885119,"1"
"士林區德華里",-0.405358492922144,-0.140551020714536,-0.505631879211182,0.784117791876446,0.009670448580359,0.376838881694236,"4"
"士林區德行里",-0.499798892857,-0.200580169785127,-0.17784641887511,0.678763469320015,-0.0195140048156363,0.517570895416302,"4"
"士林區東山里",0.334424639900897,-0.106433734552113,-0.956969712594914,-0.492290346788026,-0.38033770505427,1.1071457797505,"4"
"士林區福安里",-1.58586349210785,-2.39574682248884,-1.26692031244031,-2.91138767625689,-0.634861514132564,-1.32727180418291,"3"
"士林區福德里",-0.00398679319900449,-0.623807263951887,-1.26040630058375,-2.526439189993,0.53799035673569,-0.44355267701306,"3"
"士林區福華里",-1.10579145910566,-1.55490687111876,-1.71796364151709,-0.0492619134737967,-0.40093107254406,-1.07102119053176,"2"
"士林區福佳里",-0.24795782636405,-0.0356079759364518,-0.075896409785129,-0.092484199650796,0.414607495877672,0.150579734012585,"4"
"士林區福林里",-0.452578692889572,-0.187624238331043,-0.557231854722062,0.0452868375383852,1.14062744483095,0.571820164743481,"4"
"士林區福順里",-1.10579145910566,-1.38863908412467,-1.07163297130169,-1.12441628212663,-0.219406617574336,-0.728177569743192,"2"
"士林區福志里",0.0983236400637565,0.598800800931884,-0.0516309071870149,0.331634483460999,0.781398004431021,-0.0845739415668808,"4"
"士林區福中里",-0.586369259463952,-0.846649284962139,-0.426320342905617,-0.0398070383725794,-1.16911776193291,-0.5229418516382,"8"
"士林區富光里",-1.1766217590568,-1.73110753889431,-1.99341557504429,-0.744870581634861,-0.509085013076458,-0.884787418390287,"2"
"士林區富洲里",-1.48355305884509,-2.12453599071667,-0.128318154138342,-2.75335619242224,-0.74716316513981,-1.50865401565285,"3"
"士林區公館里",-0.531279026168619,-1.93192447643261,-0.535189079443558,-1.92943136217321,0.914816518327816,-0.0281561716365148,"3"
"士林區後港里",-0.63358945943138,-0.722272343002928,-0.6339140940459,-0.75702684962214,-0.626607430029249,-0.286906074118454,"2"
"士林區葫東里",-1.12940155908938,-1.17400248636867,-1.08666334410059,-0.549019597395336,-0.621034995717822,-0.727295467802913,"2"
"士林區葫蘆里",-0.90117059258014,-1.24612383812974,-1.27150079339712,-0.286984487447287,-0.395866780314585,-0.936022839421511,"2"
"士林區菁山里",-0.76738002600576,-1.99238548988501,-1.03298636017985,-3.21394367949588,0.202384582338528,-0.192668183498611,"3"
"士林區舊佳里",-0.720159826038332,-0.137959834423719,-0.23759544074898,0.13983558855057,0.759641204341685,-0.360083780914127,"4"
"士林區蘭興里",0.759406439607751,0.50465436569887,-0.0949069039232466,0.400520002055588,-0.648486660437468,1.12754438711946,"4"
"士林區蘭雅里",0.169153940014899,0.394960812720955,-0.298358543416453,0.507225021055052,-0.442493908811497,1.03617332780553,"4"
"士林區臨溪里",0.727926306296132,0.0991337111860271,0.00921350443694715,-0.886693708153135,1.57084529035499,2.23450881367501,"6"
"士林區名山里",0.428865039835754,0.341409629377406,-0.438398282223262,1.09072588444453,-0.166611098165613,0.285798610607905,"4"
"士林區明勝里",-0.672939626070904,-0.44026490168569,-0.773621557042957,-0.349116523826721,0.126879795055207,-0.486040587136514,"2"
"士林區平等里",-1.08218135912195,-2.20097598629577,-0.750902484172343,-1.81057007518647,0.671464042903653,-0.836051286189853,"3"
"士林區前港里",-0.310918092987288,-0.758980815456168,-0.0852822176208057,0.0223249980068545,-1.09994561891674,-0.457409028324948,"8"
"士林區仁勇里",-0.838210325956902,-0.964116396812505,-0.321824694135627,-0.372078363358251,0.520998873833965,0.775990009670636,"4"
"士林區三玉里",0.334424639900897,0.509836738280504,-0.451131145760441,0.715232273281856,-0.613562538014543,1.52698954907596,"4"
"士林區社新里",-1.26319212566376,-1.60888991884411,-0.86765409396781,-1.140624639443,-0.789468347344655,-1.03922876643419,"2"
"士林區社園里",-1.29467225897537,-1.56397602313662,-1.05024156471072,-1.02041265601322,-0.93426252577427,-0.903238050641129,"2"
"士林區社子里",-1.05857125913823,-1.499628230248,-1.12453434656416,-0.526057757863808,-0.647479740488616,-0.852480434827556,"2"
"士林區聖山里",0.476085239803182,0.479606231554307,0.104078400298403,-0.0897828067647339,-0.00767943196285837,0.465306355454751,"4"
"士林區天福里",0.0747135400800425,0.398415727775378,-0.215087162004586,0.709829487509732,-0.670698806754059,1.29360007737705,"4"
"士林區天和里",0.696446172984513,0.876057734049292,0.0627057363452538,0.199266232043942,-0.76907950322062,0.720748375660643,"5"
"士林區天祿里",-0.0118568265269092,0.56597910791487,0.00647292502238535,0.865159578458317,-0.0921925853600857,1.63975158044167,"6"
"士林區天母里",0.814496672903084,0.783638756343489,0.062740352548314,0.439690198903494,-0.0125601294988784,2.50483630412311,"6"
"士林區天山里",0.428865039835754,0.917948579084165,0.31229113863125,0.709829487509732,0.0361033946224203,1.34498251539832,"6"
"士林區天壽里",0.979767372789082,0.859215023158981,0.756507417039804,0.884069328660755,-0.0862147248292557,2.50740910144893,"6"
"士林區天玉里",0.861716872870512,0.92183535852039,0.623060535153578,1.0029306156475,-0.221665527148013,1.46325768389077,"6"
"士林區溪山里",-1.22384195902423,-2.54560376297441,-0.998978854114655,-2.23063666896917,1.11565256268149,-0.198254829120381,"3"
"士林區新安里",-0.421098559577953,-0.805190304309069,-0.881566008134113,-1.1622357825315,2.09554643934909,0.702150726419753,"9"
"士林區岩山里",-0.36600832628262,0.10733913444028,-1.16731195852458,0.512627806827179,-0.589715481505989,0.594350518468115,"4"
"士林區陽明里",0.52330543977061,-0.292135418727325,0.192605166252858,-0.135706485827792,2.14436594548,2.89057213175777,"6"
"士林區義信里",-0.413228526250049,-0.712771326603266,0.124247835708499,-0.497693132560153,0.0632115895068356,0.984680627041722,"4"
"士林區永福里",0.247854273293946,-0.756821493547154,-1.40425697177218,-1.12171488924056,2.65321535142206,5.07068707715815,"6"
"士林區永倫里",-1.32615239228699,-1.35193061167143,-1.23710090878343,-1.03797170977263,-0.685622221998763,-0.710939827660234,"2"
"士林區芝山里",0.310814539917183,0.511132331425912,0.00559389816204882,0.114172356132977,-1.06675383810493,1.06928890481352,"4"
"士林區忠誠里",0.169153940014899,0.554750633987996,-0.339161379595982,0.0277277837789817,0.831120205758194,1.0196706706728,"4"
"松山區安平里",-0.507668926184905,-0.164735426095494,-0.410617475461011,-0.0425084312586415,0.0314086011597135,0.613352464431633,"4"
"松山區慈祐里",-0.76738002600576,-0.684268277404281,-0.658121335101016,-1.24868035488549,-0.267651490616835,-0.256363294436282,"2"
"松山區東昌里",1.42835927247965,1.20427466421943,1.25432107531745,0.451846466890774,1.38313138486981,-0.782573856060418,"1"
"松山區東光里",0.436735073163658,0.77456960432563,0.276954201864384,0.341089358562216,1.2777936210575,0.490005209782573,"4"
"松山區東榮里",1.44409933913546,1.45821092071949,0.865850293817686,0.740895505699449,0.958268358962715,-0.4162075168644,"1"
"松山區東勢里",0.420995006507849,0.85748756563177,1.03687039091217,0.635541183143016,0.959264966010632,0.544732284327403,"1"
"松山區敦化里",0.806626639575179,0.913629935266136,0.615197001205941,0.10471748103176,-0.0642366443563596,0.29171604445728,"5"
"松山區福成里",1.27095860592156,1.34376685954174,0.620840402553735,1.13529886706456,0.702511183459358,0.608831691987701,"1"
"松山區富錦里",0.106193673391661,0.802640789142812,0.0814508700344746,1.11638911686212,0.466979437474167,-0.838256541040552,"5"
"松山區富泰里",0.539045506426419,0.940405526937911,0.367981471395232,2.75343320581592,0.663481470000838,-0.190683454132983,"1"
"松山區復建里",0.877456939526321,0.813437398687884,0.885321146334766,0.039884051766261,-0.355273976422087,-0.294697974590922,"5"
"松山區復盛里",-0.137777359773384,0.206236077873125,-0.15074962019305,0.419429752258026,0.589598817298435,0.507831019825717,"4"
"松山區復勢里",0.436735073163658,0.697265879982927,0.762913708589027,1.26361502915252,0.55625710334351,0.689911561998377,"6"
"松山區復源里",0.0511034400963284,0.585844869477799,0.600456546386942,0.416728359371963,-0.228792461820815,-0.344573488464216,"5"
"松山區吉仁里",0.476085239803182,0.743475368835828,0.892783405266264,0.13983558855057,0.289592724548132,-0.178187009979026,"5"
"松山區吉祥里",0.208504106654422,0.716699777164052,0.692091640158645,0.765208041674011,0.140990191662414,1.07781589023622,"6"
"松山區介壽里",1.26308857259365,1.15979263289374,1.76705740411162,0.211422500031221,0.930955462458584,-0.0731066163432494,"1"
"松山區精忠里",1.77464073890746,1.34894923212337,0.922575573471781,0.319478215473716,1.06235620152695,-0.571641229591122,"1"
"松山區龍田里",1.91630133880974,1.52299057798991,1.75186526277207,0.48291248508049,0.581258229732942,-0.575132883104727,"1"
"松山區美仁里",0.987637406116987,0.745202826363039,1.22377765868793,0.00476594424745096,0.141854729505245,0.215524489365652,"5"
"松山區民福里",-0.192867593068717,0.249422516053407,-0.467445462377952,0.265450357752469,0.587245672339008,-0.406688166758885,"4"
"松山區民有里",0.546915539754324,1.18268144512929,0.208217984687875,0.965111115242626,0.969593769072714,0.896323416023742,"6"
"松山區鵬程里",-0.0118568265269092,0.166072690365463,-0.463409329128821,-0.112744646296262,-0.150746410018313,0.112428825095505,"4"
"松山區三民里",0.507565373114801,1.0151180649898,0.495684289925798,1.32844845841801,1.51093434908946,-0.417934966497447,"1"
"松山區松基里",0.680706106328704,0.810846212397066,0.0211266602306102,0.993475740546281,0.488809322020677,3.12282222178381,"6"
"松山區新東里",0.114063706719566,0.148366250711547,0.219483176598529,0.039884051766261,0.0440032806136067,0.0904497850835444,"4"
"松山區新聚里",-0.200737626396622,0.396256405866364,0.0301829627759838,0.824638685167383,-0.23253687357045,0.860341007709848,"4"
"松山區新益里",-0.169257493085003,0.195007603946251,0.223917559030827,0.199266232043942,0.433519539595153,-0.0371609622768665,"4"
"松山區中華里",1.93991143879346,1.82227259457926,1.88126700956338,0.678763469320015,0.755658301711612,0.538190028270331,"1"
"松山區中崙里",0.688576139656609,0.533157414897856,1.42626799619049,0.920538132622596,-0.596836408781806,0.258563713201781,"5"
"松山區中正里",2.05796193871203,1.23364144218202,2.05682714669702,0.685516951535171,-0.781302382367225,0.63279546136529,"10"
"松山區莊敬里",-0.373878359610525,-0.457971341339605,-0.715981609313879,-0.453120149940123,0.591617970127785,-0.459945071403251,"2"
"松山區自強里",0.460345173147373,0.840644854741461,-0.240316643818271,0.00206455136138888,1.42449227215367,-0.0843166618342996,"4"
"萬華區保德里",-0.893300559252235,-0.787052000273351,-0.618077293582328,-0.867783957950698,0.0900173126210956,0.0477781037225309,"2"
"萬華區菜園里",-1.0034810258429,-1.15629604671476,-1.36455872458007,-1.27569428374612,0.318961291422083,-0.42359512061424,"2"
"萬華區頂碩里",-0.979870925859187,-1.11008655786186,-0.780328135666056,-1.1190134963545,-0.0663557827577948,-0.692084898686763,"2"
"萬華區福星里",-0.948390792547568,-1.0250092746467,-1.12463519940617,-0.366675577586127,0.570309233361705,0.203579358924369,"2"
"萬華區福音里",-0.861820425940616,-0.905814705269125,-0.966677322246662,-0.531460543635932,0.34012842956578,0.279476880035904,"2"
"萬華區富福里",-0.964130859203377,-1.55102009168253,-1.88700508341005,-4.13782004652921,0.30530005514019,-1.75490747398083,"3"
"萬華區富民里",-1.31828235895909,-1.48969534946653,-1.45066943341922,-0.611151633774773,1.11069601095083,0.483389445230478,"2"
"萬華區和德里",-1.60160355876366,-1.8075475344734,-1.89980045078568,-1.18384692562,-0.264531654241045,-0.0670421655038291,"2"
"萬華區和平里",-1.48355305884509,-1.67107838982371,-1.17648805662247,-0.998801512924723,0.322027686257772,-0.114197865061262,"2"
"萬華區華江里",-1.35763252559861,-1.4693977235218,-1.7264466905925,-0.79214495714095,-0.302256671255445,-0.51845783344178,"2"
"萬華區華中里",-1.14514162574519,-1.32990552819949,-1.29749551935854,-0.343713738054597,0.54540172624848,0.248750329116174,"2"
"萬華區錦德里",-1.16088169240099,-1.59463839424462,-1.25349011133407,-0.605748848002648,0.226072458831114,-0.435834285035615,"2"
"萬華區凌霄里",-1.07431132579404,-1.71901533620383,-1.73819043258646,-0.0776265387774515,0.656400318324035,-1.30091900871706,"2"
"萬華區柳鄉里",-1.51503319215671,-2.02952582672005,-2.12010965058054,-1.57149680476995,0.42554380355582,-0.366589282723687,"3"
"萬華區綠堤里",-1.60947359209156,-2.12755904138929,-2.82620817398389,-0.9501764409756,0.76529477577782,-0.861044174497767,"2"
"萬華區銘德里",-1.05857125913823,-1.47587568924884,-1.13019823864936,-0.304543541206693,0.120233282916163,-0.0980259961561406,"2"
"萬華區青山里",-1.28680222564747,-1.68317059251419,-1.67223813610228,-0.812405403786419,0.306845711535045,1.1491191304088,"2"
"萬華區全德里",-0.712289792710427,-0.93734080514073,-0.68359801073462,-1.46344108932745,-0.0538769251811636,-0.0051480126942288,"2"
"萬華區仁德里",-0.531279026168619,-0.0774988209713251,-0.00144927021397423,-0.303192844763659,0.552839268679469,0.449979834242397,"4"
"萬華區日善里",-1.09005139244985,-1.25692044767481,-1.29750623302252,-0.873186743722822,-0.618893603603093,-0.0301776552496552,"2"
"萬華區日祥里",-0.987740959187091,-1.17184316445966,-1.02493289048639,-0.605748848002648,1.53596287188147,-0.572596840026424,"9"
"萬華區榮德里",-1.12153152576147,-1.88096447937988,-1.97738814649104,-1.38239930274558,0.897193772097829,0.0719256443376784,"2"
"萬華區壽德里",-0.790990125989474,-0.905382840887322,-0.8599719786577,-0.689492027470582,-0.477074186888137,-0.186677241154214,"2"
"萬華區雙園里",-0.893300559252235,-1.03839707048259,-0.861826786287598,-0.867783957950698,-0.182501025714413,-0.838771100505714,"2"
"萬華區糖部里",-0.995610992514996,-0.997369954211322,-1.26350030224896,-0.894797886811321,0.411817746139092,-0.282716089902127,"2"
"萬華區騰雲里",-0.940520759219663,-0.789643186564168,-0.733222732445781,-0.658426009280862,0.13162208979686,-0.988030099650481,"2"
"萬華區萬壽里",-0.759509992677855,-0.988732666575265,-0.5909603158061,-0.118147432068389,0.60748443683182,-0.111220771012819,"2"
"萬華區西門里",-0.775250059333665,-0.532683879391492,-0.891873138563297,1.16771558169731,0.489718470846341,0.298074529276793,"7"
"萬華區孝德里",-1.22384195902423,-1.61579974895295,-1.18125690446966,-0.969086191178038,-0.103992003821662,-0.19711544744752,"2"
"萬華區新安里",-1.49142309217299,-1.62011839277098,-1.64373598149222,-0.800249135799139,0.380735015542003,-1.27500726422136,"2"
"萬華區新和里",-0.586369259463952,-0.381099481378704,-1.14124090734272,-0.0681716636762342,0.510121660688927,-1.1074446498158,"2"
"萬華區新起里",-0.688679692726713,-0.287384910527493,-0.459617005807419,0.54909661078902,0.470252643265512,0.983100194398722,"4"
"萬華區新忠里",-1.20810189236842,-0.514545575355774,-0.919545360834723,-0.33560955939641,3.0788849838612,-1.30948274838728,"9"
"萬華區興德里",-1.08218135912195,-1.67237398296912,-1.2942585339669,-0.878589529494949,-0.151017045444231,0.150506225517562,"2"
"萬華區忠德里",-1.20810189236842,-1.45039569072248,-1.29418067491512,-1.26488871220187,0.519415895310865,-0.619679031088834,"2"
"萬華區忠貞里",-1.24745205900795,-1.5467014478645,-1.66374684324182,-0.855627689963418,2.93670875478315,-1.56624792150359,"9"
"文山區博嘉里",0.114063706719566,0.0239893087523359,-0.155355326164023,-0.463925721484371,-0.486804580583551,-0.487326985799422,"8"
"文山區華興里",0.735796339624037,0.348319459486251,0.490902200062194,-0.205942700865415,-0.373879490617861,-0.499125099250658,"5"
"文山區景東里",0.609875806377562,0.228261161345068,0.52217831195345,0.555850093004176,-1.01471262404266,-1.08675200846674,"5"
"文山區景華里",0.0589734734242331,0.31592963085104,0.449304465781965,0.908381864635316,-0.0175065505158728,-0.421683899743634,"5"
"文山區景美里",0.38951487319623,0.565547243533067,0.937553326466187,0.295165679499158,0.337847513452981,-1.22454368238788,"5"
"文山區景慶里",-0.192867593068717,-0.140551020714536,0.0404743182244495,0.0925612130444776,-0.0946255063602373,-1.52695763091364,"8"
"文山區景仁里",0.318684573245088,0.487379790426757,0.807910857664739,0.242488518220941,-0.389536374440342,-0.695576552200369,"5"
"文山區景行里",0.121933740047471,-0.168190341149916,1.01114739947592,0.592318896966017,-0.850460884326482,-0.372911013295689,"5"
"文山區老泉里",-1.3418924589428,-2.36724377328985,0.319786120848004,-1.90376812975562,-0.24692268777391,-1.27405165378606,"3"
"文山區明興里",0.287204439933469,0.0265804950431535,0.0276228455017728,-0.274828219460005,-1.10134954432957,-1.09972625783835,"8"
"文山區明義里",-1.19236182571261,-1.42534755657791,-1.88136668228035,-0.503095918332277,-0.666764395546824,-0.645112970366888,"2"
"文山區木柵里",0.609875806377562,0.465354706954814,0.587016914028725,0.154693249423911,0.369174116053985,-0.43392306416501,"5"
"文山區木新里",-0.672939626070904,-0.601782180479943,-0.973809491953491,-1.37699651697346,-0.754569017776429,-1.3168335978896,"2"
"文山區試院里",0.444605106491563,0.527975042316222,0.540265079725529,0.0520403197535434,-0.571915039299434,-0.663196060142615,"5"
"文山區順興里",-0.562759159480238,-0.447174731794535,-0.117838077771054,-0.440963881952844,-1.13081655047444,-1.09417636646409,"8"
"文山區萬芳里",0.0825835734079472,0.285699124124842,-0.440462421024616,0.416728359371963,-1.27358979568275,-0.397867147356092,"8"
"文山區萬和里",0.727926306296132,0.0123289704436602,-0.403024099895009,0.36810328742284,2.77156594872873,-0.296351915728945,"9"
"文山區萬隆里",0.460345173147373,0.765500452307771,0.57614048803098,0.543693825016896,-0.375917961556346,-0.886000308558171,"5"
"文山區萬美里",0.129803773375375,0.256332346162252,-0.429884877778557,-0.266724040801818,-0.785712716443764,-0.428777469513381,"8"
"文山區萬年里",0.200634073326518,0.656238763711658,0.0625474884632677,-0.107341860524137,0.497645589381674,-0.870894312830887,"5"
"文山區萬盛里",0.326554606572993,0.646737747311996,-0.00757808365911505,-0.100588378308982,0.452053625079557,-0.182781290917981,"4"
"文山區萬祥里",0.177023973342804,0.260219125598477,0.50772762140544,0.666607201332733,0.067563069858338,-0.269925611768077,"5"
"文山區萬興里",1.16077813933089,0.955952644682812,1.02282138910911,-0.440963881952844,-0.803312054508103,-0.262501253770725,"5"
"文山區萬有里",0.468215206475277,0.629895036421687,1.03567342103901,-0.0897828067647339,-0.443459535888762,-0.59200308271257,"5"
"文山區興安里",0.562655606410134,0.75168079209008,0.754568310759111,0.110120266803884,0.00279833905917944,-0.164955480874835,"5"
"文山區興邦里",0.247854273293946,0.23776217774473,0.706242361963738,0.253294089765189,-0.0770638128146835,-0.501367108348868,"5"
"文山區興昌里",1.29456870590527,0.948610950192164,0.352629696090352,0.110120266803884,-0.669061543853383,-0.347036023047495,"5"
"文山區興得里",-0.24795782636405,0.0209662580797165,-0.128503265518955,-0.355870006041876,-0.52599124602547,-0.348579701442984,"8"
"文山區興豐里",0.476085239803182,0.358684204649518,0.979394430198458,-0.100588378308982,-0.294512060599663,-0.320389193601557,"5"
"文山區興福里",-0.137777359773384,-0.0943415318616349,0.521529393439537,-0.274828219460005,-0.978053945929649,-0.642393156051027,"8"
"文山區興光里",-0.0512069931664327,0.007146597862027,0.424439583946553,0.488315270852618,-0.450096649212388,-0.209501628858942,"5"
"文山區興家里",-0.303048059659383,-0.0865679729891842,-0.588643515628814,-0.59899536578749,-1.44929263347906,-0.965683517163404,"8"
"文山區興泰里",0.145543840031185,0.122886252185181,-0.0393627494454899,0.193863446271818,-0.207010571102496,-0.0390721831474717,"4"
"文山區興旺里",0.106193673391661,0.0576747305329566,0.274117254208438,-0.130303700055668,-1.43556125709969,-0.640187901200329,"8"
"文山區興業里",0.25572430662185,0.500767586262645,-0.20458964108746,0.0695993735129469,0.394005461099503,0.147602639964143,"4"
"文山區樟腳里",0.153413873359089,0.0701987976052378,0.469905025940513,-0.124900914283544,-1.24469674365256,-0.653639955789588,"8"
"文山區樟林里",-0.0590770264943374,0.177733028674139,-0.13369006410737,-0.639516259078428,-0.062733229821692,-1.88685522254761,"8"
"文山區樟樹里",-0.232217759708241,-0.303795757036,-0.0496931298714422,0.380259555410122,-0.807685809660021,-0.993249202797133,"8"
"文山區樟文里",-0.303048059659383,-0.220014066966254,0.0723920680860848,-0.435561096180716,-0.824830566604152,-0.950393750198562,"8"
"文山區樟新里",0.649225973017085,0.327589969159716,1.02546251699793,-0.0425084312586415,-1.18703259858891,-0.83127323401334,"5"
"文山區政大里",4.23796117054163,1.70048683891087,2.78657821543885,-0.147862753815075,-1.89874354326749,-0.116109085931867,"10"
"文山區指南里",-0.0118568265269092,-0.0714527196260863,1.24764835803249,-2.30087288400679,-0.729194955170809,-0.797606343292679,"8"
"文山區忠順里",0.649225973017085,0.535316736806871,0.827755692383326,-0.24646359415635,0.243540636487508,-0.39827144407872,"5"
"信義區安康里",1.90843130548184,1.35974584166844,1.78389064892813,0.341089358562216,-0.413362831743696,2.08278727994696,"10"
"信義區大道里",-0.476188792873286,0.152684894529576,-0.219755328102976,-0.559825168939587,0.111487325551582,-0.297013492184155,"4"
"信義區大仁里",-0.916910659235949,-0.541321167027549,-0.914194838020042,-0.0249493774992349,1.13789416821835,-0.7998851066384,"2"
"信義區敦厚里",0.0668435067521378,0.817756042505911,0.520942533315443,0.771961523889166,0.0779618357653512,-0.72678090833775,"5"
"信義區富台里",0.295074473261374,0.426918776974363,0.208738252021209,1.10423284887484,-0.538647961573851,-0.6846237864419,"5"
"信義區廣居里",0.641355939689181,0.941269255701516,0.598846320924594,0.50452362816899,-0.25299155145407,-0.201268677416335,"5"
"信義區國業里",0.358034739884611,0.726632657945517,0.699379345128257,0.0628458912977917,0.0354401471293287,-0.469170387528672,"5"
"信義區惠安里",-0.491928859529096,-0.0766350922077195,-0.577538188252793,-0.0317028597143901,-0.497654406801354,-0.129377369283569,"8"
"信義區嘉興里",-0.51553895951281,0.232147940781294,-0.625010508651833,0.709829487509732,0.430090378138294,-0.0733271418283195,"4"
"信義區景聯里",-0.153517426429194,0.63507740900332,0.248615798325139,-0.0776265387774515,0.478689088625136,0.24081141165366,"4"
"信義區景勤里",-0.436838626233763,-0.230378812129522,-0.964161364455169,-0.684089241698455,0.735619256811556,-0.591672294484965,"2"
"信義區景新里",0.885326972854226,0.908447562684502,0.743711090796255,0.858406096243162,0.413530596874968,1.90508049322819,"6"
"信義區黎安里",-1.61734362541947,-1.85678007399892,-1.41905280123549,-1.54853496523842,3.47086857040788,-2.55203359401326,"9"
"信義區黎平里",-0.0905571598059561,0.445488945391884,0.00782839549256562,0.319478215473716,-0.127607032479143,-0.0547662468349415,"4"
"信義區黎順里",-0.617849392775571,0.434260471465011,-0.515601025769092,-0.0249493774992349,0.123749949755285,0.248970854601243,"4"
"信義區黎忠里",-0.303048059659383,-0.391464226541972,-0.57760336620038,0.385662341182247,-0.0278431574291052,-0.579763918291194,"8"
"信義區六合里",0.381644839868326,0.616075376203997,-0.210246822352283,0.0520403197535434,0.110148636182587,0.116398283826761,"4"
"信義區六藝里",-0.38174839293843,-0.371598464979042,-0.508101513192282,-0.600346062230521,-0.243119277723628,-0.665327806498289,"8"
"信義區三犁里",0.531175473098515,0.71324486210963,0.317288066609183,0.512627806827179,0.55800619413903,1.58836914242039,"6"
"信義區三張里",-0.287307993003574,0.375095051158025,-0.120231456700404,-0.243762201270288,0.774175584878908,0.775475450205473,"4"
"信義區雙和里",-0.145647393101289,0.277493700870589,0.0579466936285457,-0.0195465917271108,-0.218634371688079,-0.343029810068727,"5"
"信義區四維里",-0.310918092987288,0.189393366982815,-0.35284985194618,-0.060067485018048,-0.214589703615646,-0.939698264172675,"8"
"信義區四育里",-0.539149059496524,-0.276588300982423,-0.37858400221541,-0.582787008471118,-0.00460897165170214,0.389555851333263,"4"
"信義區松光里",-0.216477693052431,-0.00969611302828286,-0.126288224692838,-0.24646359415635,1.38912505769578,-0.361076145596942,"4"
"信義區松隆里",-1.28680222564747,-0.899336739542083,-2.01963143172393,-0.933968083659227,0.0850029108825764,-0.929884880087067,"2"
"信義區松友里",-0.200737626396622,0.179892350583153,-0.406863615528338,0.42483253803015,-0.2859685341645,-0.825502817154013,"8"
"信義區泰和里",-0.625719426103475,-0.426877105849803,-1.10803187238249,0.146589070765725,-0.689852203429783,-0.286060726425686,"8"
"信義區五常里",-0.476188792873286,-0.225196439547888,-0.638891125338263,-0.292387273219411,-0.125577550481839,0.448289138856862,"4"
"信義區五全里",-0.617849392775571,-0.25931372571031,-0.0609379852458327,0.307321947486437,0.259494111865051,-0.524595792776224,"4"
"信義區西村里",0.0117532734568049,0.373367593630814,-1.27442791423582,-2.05099404204602,1.34561450043109,-1.85943655390393,"9"
"信義區新仁里",1.1765182059867,1.1839770382747,0.583071480781898,0.580162628978737,0.652481551269614,0.633163003840407,"1"
"信義區興隆里",0.727926306296132,1.12567534673132,0.23287360034339,1.20013229633005,1.91183171352104,0.420723453223133,"6"
"信義區興雅里",-0.00398679319900449,0.444193352246476,0.452394916245217,0.188460660499694,1.32673104302314,-0.288412998266431,"4"
"信義區雅祥里",-0.38174839293843,0.0818591359139145,-0.104134403844112,-0.744870581634861,-0.507201326809214,-0.0823319324686708,"8"
"信義區永春里",-0.783120092661569,-0.32063846792631,-0.746391233237385,-0.338310952282472,0.282610445808028,-0.223321225923318,"2"
"信義區永吉里",-1.25532209233585,-1.03839707048259,-1.00681900722402,-1.74438594947794,-1.14425714472638,1.29911321450379,"2"
"信義區長春里",-0.956260825875473,-0.637195059787773,-1.0442395153329,-0.611151633774773,0.216355086803839,-0.0366464028117037,"2"
"信義區正和里",0.420995006507849,1.34938109650518,0.857956371942765,1.52970222842966,0.966469309367676,0.315275517112241,"1"
"信義區中坡里",-0.846080359284807,-0.261473047619324,-0.49827920784147,-0.147862753815075,-0.0158607884163141,-0.564804939553957,"8"
"信義區中行里",-0.775250059333665,-0.367711685542817,-0.995991031542175,-0.523356364977746,-0.702133160443781,-0.867659939049863,"8"
"信義區中興里",0.302944506589279,1.05528145249746,0.856297193979213,2.2631303969956,0.578689872498981,1.32579679819724,"6"
"中山區北安里",0.224244173310232,0.40791674417504,0.164609365972981,-0.0100917166258935,-0.384957702231457,-0.755449221396828,"5"
"中山區成功里",3.49030800439068,1.40034109355791,2.75435686879631,1.51349387111329,-1.34762587230894,2.38773727155103,"10"
"中山區大佳里",-1.75900422532175,-2.01829735279318,-1.24714133089768,-3.82175707885991,-0.069894236980355,-0.310024495803275,"3"
"中山區大直里",0.25572430662185,0.918380443465967,0.938226954880023,0.0817556415002293,0.0604831398572337,0.318032085675614,"5"
"中山區復華里",0.436735073163658,0.519769619061969,0.818050908885812,1.3797749232532,0.33259195180921,1.85715295447301,"6"
"中山區恆安里",-0.570629192808143,-0.118957801624396,-0.385966008468915,3.20591651423137,-0.790096327515892,0.585345727827764,"7"
"中山區集英里",-0.499798892857,-0.261041183237522,0.442514678109765,1.47432367426539,-0.291326350724423,0.892942025252671,"7"
"中山區劍潭里",-0.0354669265106233,0.158730995874815,-1.01805556870328,-0.632762776863272,1.12794744348298,-0.316971048582975,"4"
"中山區江寧里",0.13767380670328,0.733974352436165,0.0564234117082161,0.596370986295113,0.116688945567903,0.564359052498619,"4"
"中山區江山里",-0.0354669265106233,0.432101149555997,0.0206366959996133,0.0871584272723535,0.665017044304512,0.314650694904543,"4"
"中山區金泰里",2.30193297187707,0.780183841289066,2.94013650353273,-0.205942700865415,-1.63034045878542,1.27217235107776,"10"
"中山區聚盛里",-1.06644129246614,-0.655333363823492,-1.37317918420417,2.55893291801943,-0.775090728190015,1.16753300841213,"7"
"中山區聚葉里",-0.64932952608719,-0.316751688490085,-0.748566644650994,1.55806685373332,0.364967021640699,1.11662837560851,"7"
"中山區康樂里",-0.334528192971002,-0.132777461842086,-0.653956138964503,4.03659482669555,-0.486989658935786,0.72181424883848,"7"
"中山區力行里",0.554785573082229,0.749521470181066,1.05644806423614,0.666607201332733,0.875219569519221,2.12248186725953,"6"
"中山區龍洲里",-0.0905571598059561,0.718859099073067,-0.418314940884038,1.17987184968459,0.292670210908988,-0.257282150624073,"4"
"中山區民安里",-0.531279026168619,0.10129303309504,-0.104897470480558,0.562603575219331,1.26651997064415,1.43877935504802,"4"
"中山區埤頭里",-0.499798892857,-0.0390628909908739,-0.272932435153246,-0.0249493774992349,0.924443572839738,-0.0753853796889711,"4"
"中山區晴光里",-0.468318759545382,-0.00235441853763581,-0.830837412220838,2.16317886021129,-0.374114071041233,0.50408208657953,"7"
"中山區松江里",-0.00398679319900449,0.150957437002364,-0.0606607150631658,1.09072588444453,0.439063338573937,0.997287333938215,"4"
"中山區下埤里",-0.255827859691955,-0.165599154859099,-0.665475090618879,0.789520577648573,-0.550290317245081,0.783120333687894,"4"
"中山區新福里",-0.869690459268521,-0.581052690153407,-0.845601262533251,1.0853230986724,-0.0927126671982357,0.609860810918027,"7"
"中山區新生里",-1.01922109249871,-0.651014720005463,-0.888011968312676,0.82058659583829,0.19254253117838,1.75005107722409,"7"
"中山區新喜里",-0.88543052592433,-0.630717094060732,-0.930172090296883,0.338387965676154,-0.84911563014193,0.45990348107054,"8"
"中山區新庄里",-1.01135105917081,-0.785756407127942,-1.0228965799141,0.821937292281321,-0.49222198872088,-0.498904573765588,"8"
"中山區行仁里",-0.853950392612712,-0.933022161322702,-1.27203438273845,-0.112744646296262,-0.536200405089218,0.595416391645953,"2"
"中山區行孝里",-0.696549726054618,-0.825919794635604,-1.00051382357229,-0.191085039992071,-1.19887073369765,0.522422456087838,"8"
"中山區行政里",-0.657199559415094,-1.13038418380659,-2.2209896601986,-2.03478568472965,-0.0846363958388008,-1.00622345216874,"3"
"中山區興亞里",-0.161387459757098,0.652783848657236,-0.0945071779139637,1.05965986625481,0.364285300035562,1.8703844835772,"6"
"中山區永安里",2.28619290522126,1.18915941085633,1.78368153149408,0.771961523889166,-0.788212583215324,0.396686175350521,"10"
"中山區圓山里",-0.964130859203377,-0.396646599123605,-1.04049317157702,1.23119831451977,-0.343869651369495,0.806937086075436,"7"
"中山區正得里",-0.468318759545382,0.283107937834025,-0.257148513025253,3.01006552999185,0.114908869553461,2.23741239922843,"7"
"中山區正守里",-0.224347726380336,0.0356496470610125,-0.00920146036725231,0.116873749019039,0.364614303146036,0.451670529627933,"4"
"中山區正義里",-1.0034810258429,-0.606532688679774,-1.59190659703781,2.81151315286626,-0.695288858105869,1.38519166217605,"7"
"中山區中吉里",0.310814539917183,0.340114036231997,0.346773213132767,-0.274828219460005,0.476519372985503,0.671424175500023,"4"
"中山區中山里",-0.830340292628998,-0.345254737689071,-1.02722897621926,3.19916303201621,-0.833410861620598,0.49353361754369,"7"
"中山區中央里",-0.232217759708241,0.183779130019378,0.0916431477443876,0.758454559458856,0.468421834530725,1.58303977653121,"4"
"中山區中原里",-0.216477693052431,0.18852963821921,0.00731286531534634,0.458599949105932,0.405367279406839,0.234783715061751,"4"
"中山區中庄里",-0.88543052592433,-0.647991669332845,-0.768237785779701,0.13983558855057,0.6197909922866,0.636911937086594,"4"
"中山區朱馥里",-0.554889126152333,-0.242039150438197,0.0955698733424033,0.0817556415002293,-0.0311607844028854,0.0449480266641348,"4"
"中山區朱崙里",-0.11416725978967,0.160458453402026,0.606446886130053,1.44730974540476,0.273449801783379,0.691786028621471,"4"
"中山區朱園里",0.491825306458991,0.787525535779714,0.489218666954479,0.808430327851007,-0.046657841027661,2.11303602564904,"6"
"中正區愛國里",0.302944506589279,0.53229368613425,1.73171343743028,1.47297297782235,0.194757387617696,-1.17771877105805,"5"
"中正區板溪里",0.200634073326518,0.509836738280504,0.195453265647364,0.495068753067773,0.865516406432231,0.545724649010217,"4"
"中正區頂東里",0.436735073163658,1.00259399791752,0.437700327397269,1.09747936665968,0.899640407250022,-0.379967828817924,"1"
"中正區東門里",1.0033774727728,1.4599383782467,1.49270887736004,-0.185682254219947,0.126799270056439,-0.454909739494156,"1"
"中正區富水里",0.169153940014899,0.506813687607884,0.254921088112473,-1.33377423079646,-0.171876819447115,-1.0376850880387,"5"
"中正區光復里",0.0196233067847096,0.172982520474307,2.06414896987126,0.458599949105932,-0.0538180750275304,3.22426394491594,"6"
"中正區河堤里",0.334424639900897,1.19520551220157,-0.0924272115543199,0.295165679499158,1.08230949204733,-0.30050514569776,"4"
"中正區建國里",1.47557947244708,1.03498382655273,3.52102717567296,1.43380278097445,-0.706397455974619,-0.415141643686563,"10"
"中正區黎明里",0.885326972854226,0.812141805542474,2.81406214756165,-0.415300649535251,-0.192747237708523,3.41413638756106,"6"
"中正區林興里",0.452475139819468,0.610893003622363,0.643799017308566,0.476159002865335,0.480648354785666,-0.476778516763581,"5"
"中正區龍福里",1.44409933913546,0.490402841099377,1.41493088383063,-1.46614248221351,0.752618059910663,-1.58447802826936,"5"
"中正區龍光里",1.28669867257737,1.48412278362766,2.38329379993732,-0.463925721484371,0.288189291789993,-0.742511726272732,"1"
"中正區龍興里",0.468215206475277,0.119431337130758,1.72535902933737,-0.0303521632713591,-0.799746268250715,-1.36902462935613,"5"
"中正區梅花里",0.664966039672895,0.951202136482981,0.748427869857358,0.220877375132442,1.49077268307304,2.82588465613728,"6"
"中正區南福里",2.05009190538412,1.26387194890822,3.15739903215759,-0.412599256649186,-0.537739723500728,-0.31171519118881,"10"
"中正區南門里",1.06633773939603,1.07773840035121,1.44147282848739,1.12314259907728,1.0515065473459,-0.552602529380093,"1"
"中正區三愛里",1.1843882393146,1.63397972411323,1.1656885004775,1.20553508210218,1.45244099154944,0.164950644789637,"1"
"中正區廈安里",0.224244173310232,0.17039133418349,2.2779866612705,-0.0303521632713591,-1.24647956355856,-1.57867085716252,"5"
"中正區水源里",-0.318788126315192,0.459740469991378,0.718541501925896,1.18392393901368,1.46172377343328,0.89783034017172,"6"
"中正區網溪里",0.200634073326518,0.924426544811206,0.3571802229884,0.611228647168454,0.507162913417921,-0.564400642831329,"5"
"中正區文北里",1.93991143879346,1.95355936664732,1.20041112586726,0.43428741313137,1.6094052268548,1.56664738214101,"6"
"中正區文盛里",0.743666372951942,1.15936076851194,0.649151166392177,0.0223249980068545,1.5264638497577,0.477251485896034,"1"
"中正區文祥里",2.15240233864688,1.40163668670332,1.75618059160759,0.473457609979273,-0.21572282725779,-0.83351524311155,"1"
"中正區新營里",2.63247437164907,1.65254989253075,2.78521950708067,-0.100588378308982,-0.767809907132204,-0.760080256583295,"10"
"中正區幸福里",0.822366706230989,0.819483500033122,1.31733352787825,-0.0546646992459208,0.352362313390257,1.91768720012468,"6"
"中正區幸市里",1.11355793936346,1.53551464506219,0.748935253989418,0.52613477125749,1.6787069499996,2.26685255148525,"6"
"中正區螢圃里",-0.444708659561667,0.6320543583307,0.383750518772371,-0.141109271599919,1.10866656291808,-0.502874032496845,"4"
"中正區螢雪里",-0.657199559415094,-0.00235441853763581,-0.750526304054347,-0.153265539587199,0.465250863892133,-0.536246889237413,"4"
"中正區永昌里",-0.956260825875473,-1.0556716457547,-0.968256020317066,-0.684089241698455,0.817564953496474,-0.308885114130414,"2"
"中正區永功里",-0.192867593068717,-0.229515083365916,0.00611590980081949,-0.554422383167463,0.162043787213559,-0.61534202988246,"8"
"中正區忠勤里",-1.57799345877994,-1.90687634228805,-1.37607461314218,0.0277277837789817,0.485106727821913,-1.23553320239386,"2"
